[
    {
        "_id": "01",
        "name": "Fortune Sunflower Oil",
        "image": "https://images.unsplash.com/photo-1474979266404-7eaacbcd87c5?w=500",
        "price": 24.99,
        "quantity": "5 Liter",
        "rating": 4.5,
        "category": "cooking-essentials",
        "subcategory": "cooking-oils",
        "brand": "fortune",
        "details": "Pure and refined sunflower oil, rich in vitamin E, ideal for everyday cooking."
    },
    {
        "_id": "02",
        "name": "Organic Basmati Rice",
        "image": "https://images.unsplash.com/photo-1586201375761-83865001e31c?w=500",
        "price": 18.99,
        "quantity": "5 kg",
        "rating": 4.8,
        "category": "staples",
        "subcategory": "rice-&-grains",
        "brand": "natures-best",
        "details": "Premium aged basmati rice with aromatic flavor, perfect for biryanis and pulao."
    },
    {
        "_id": "03",
        "name": "Fresh Whole Wheat Bread",
        "image": "https://images.unsplash.com/photo-1598373182133-52452b9711b2?w=500",
        "price": 2.99,
        "quantity": "400g",
        "rating": 4.3,
        "category": "bakery",
        "subcategory": "breads",
        "brand": "healthy-bake",
        "details": "100% whole wheat bread, high in fiber, no preservatives added."
    },
    {
        "_id": "04",
        "name": "Farm Fresh Eggs",
        "image": "https://images.unsplash.com/photo-1506976785307-8732e854ad03?w=500",
        "price": 4.99,
        "quantity": "12 pieces",
        "rating": 4.7,
        "category": "dairy-&-eggs",
        "subcategory": "eggs",
        "brand": "country-farm",
        "details": "Large farm-fresh eggs from free-range chickens."
    },
    {
        "_id": "05",
        "name": "Organic Baby Spinach",
        "image": "https://images.unsplash.com/photo-1576045057995-568f588f82fb?w=500",
        "price": 3.49,
        "quantity": "200g",
        "rating": 4.4,
        "category": "fresh-produce",
        "subcategory": "leafy-greens",
        "brand": "fresh-pick",
        "details": "Tender, pre-washed organic baby spinach leaves."
    },
    {
        "_id": "06",
        "name": "Greek Yogurt",
        "image": "https://images.unsplash.com/photo-1488477181946-6428a0291777?w=500",
        "price": 5.99,
        "quantity": "500g",
        "rating": 4.6,
        "category": "dairy-&-eggs",
        "subcategory": "yogurt",
        "brand": "healthy-dairy",
        "details": "Creamy Greek yogurt, high in protein, perfect for breakfast or snacking."
    },
    {
        "_id": "07",
        "name": "Mixed Bell Peppers",
        "image": "https://images.unsplash.com/photo-1563565375-f3fdfdbefa83?w=500",
        "price": 4.99,
        "quantity": "500g",
        "rating": 4.3,
        "category": "fresh-produce",
        "subcategory": "vegetables",
        "brand": "fresh-pick",
        "details": "Assorted fresh bell peppers - red, yellow, and green."
    },
    {
        "_id": "08",
        "name": "Organic Honey",
        "image": "https://images.unsplash.com/photo-1587049352846-4a222e784d38?w=500",
        "price": 8.99,
        "quantity": "500g",
        "rating": 4.8,
        "category": "breakfast-&-spreads",
        "subcategory": "honey-&-syrups",
        "brand": "natures-nectar",
        "details": "Pure organic honey, collected from wild flowers."
    },
    {
        "_id": "09",
        "name": "Instant Coffee",
        "image": "https://images.unsplash.com/photo-1568649929103-28ffbefaca1e?w=500",
        "price": 6.99,
        "quantity": "200g",
        "rating": 4.5,
        "category": "beverages",
        "subcategory": "coffee",
        "brand": "nescafe",
        "details": "Premium instant coffee for a rich and aromatic brew."
    },
    {
        "_id": "10",
        "name": "Whole Black Pepper",
        "image": "https://images.unsplash.com/photo-1615485290398-1d25cc0979ad?w=500",
        "price": 3.99,
        "quantity": "100g",
        "rating": 4.6,
        "category": "spices-&-seasonings",
        "subcategory": "whole-spices",
        "brand": "spice-master",
        "details": "Premium quality whole black peppercorns."
    },
    {
        "_id": "11",
        "name": "Organic Chickpeas",
        "image": "https://images.unsplash.com/photo-1515543904379-b0a0102cc67d?w=500",
        "price": 2.99,
        "quantity": "500g",
        "rating": 4.4,
        "category": "staples",
        "subcategory": "pulses-&-beans",
        "brand": "organic-valley",
        "details": "Organic dried chickpeas, high in protein and fiber."
    },
    {
        "_id": "12",
        "name": "Dark Chocolate",
        "image": "https://images.unsplash.com/photo-1511381939415-e44015466834?w=500",
        "price": 3.99,
        "quantity": "100g",
        "rating": 4.7,
        "category": "snacks-&-confectionery",
        "subcategory": "chocolate",
        "brand": "lindt",
        "details": "70% cocoa dark chocolate bar."
    },
    {
        "_id": "13",
        "name": "Almond Milk",
        "image": "https://images.unsplash.com/photo-1600718374662-0483d2b9da44?w=500",
        "price": 3.99,
        "quantity": "1 Liter",
        "rating": 4.5,
        "category": "dairy-alternatives",
        "subcategory": "plant-based-milk",
        "brand": "blue-diamond",
        "details": "Unsweetened almond milk, dairy-free and low-calorie."
    },
    {
        "_id": "14",
        "name": "Mixed Nuts",
        "image": "https://images.unsplash.com/photo-1606923829579-0cb981a83e2e?w=500",
        "price": 12.99,
        "quantity": "500g",
        "rating": 4.8,
        "category": "snacks-&-confectionery",
        "subcategory": "nuts-&-dry-fruits",
        "brand": "nutraj",
        "details": "Premium mixed nuts - almonds, cashews, and walnuts."
    },
    {
        "_id": "15",
        "name": "Green Tea",
        "image": "https://images.unsplash.com/photo-1627435601361-ec25f5b1d0e5?w=500",
        "price": 4.99,
        "quantity": "25 bags",
        "rating": 4.6,
        "category": "beverages",
        "subcategory": "tea",
        "brand": "lipton",
        "details": "Pure green tea bags with natural antioxidants."
    },
    {
        "_id": "16",
        "name": "Fresh Tomatoes",
        "image": "https://images.unsplash.com/photo-1582284540020-8acbe03f4924?w=500",
        "price": 2.49,
        "quantity": "500g",
        "rating": 4.3,
        "category": "fresh-produce",
        "subcategory": "vegetables",
        "brand": "fresh-pick",
        "details": "Ripe, juicy tomatoes perfect for salads and cooking."
    },
    {
        "_id": "17",
        "name": "Whole Grain Pasta",
        "image": "https://images.unsplash.com/photo-1551462147-37885acc36f1?w=500",
        "price": 3.49,
        "quantity": "500g",
        "rating": 4.6,
        "category": "staples",
        "subcategory": "pasta-&-noodles",
        "brand": "barilla",
        "details": "Healthy whole grain pasta, high in fiber and protein."
    },
    {
        "_id": "18",
        "name": "Cheddar Cheese",
        "image": "https://images.unsplash.com/photo-1618164436241-4473940d1f5c?w=500",
        "price": 6.99,
        "quantity": "250g",
        "rating": 4.7,
        "category": "dairy-&-eggs",
        "subcategory": "cheese",
        "brand": "amul",
        "details": "Aged cheddar cheese with rich, sharp flavor."
    },
    {
        "_id": "19",
        "name": "Organic Quinoa",
        "image": "https://images.unsplash.com/photo-1586201375761-83865001e31c?w=500",
        "price": 7.99,
        "quantity": "500g",
        "rating": 4.8,
        "category": "staples",
        "subcategory": "rice-&-grains",
        "brand": "organic-valley",
        "details": "Premium organic quinoa, high in protein and nutrients."
    },
    {
        "_id": "20",
        "name": "Mixed Fruit Jam",
        "image": "https://images.unsplash.com/photo-1622484211817-4f7c4f57b825?w=500",
        "price": 4.49,
        "quantity": "500g",
        "rating": 4.5,
        "category": "breakfast-&-spreads",
        "subcategory": "jams-&-spreads",
        "brand": "kissan",
        "details": "Delicious mixed fruit jam made with real fruits."
    },
    {
        "_id": "21",
        "name": "Olive Oil Extra Virgin",
        "image": "https://images.unsplash.com/photo-1474979266404-7eaacbcd87c5?w=500",
        "price": 15.99,
        "quantity": "1 Liter",
        "rating": 4.9,
        "category": "cooking-essentials",
        "subcategory": "cooking-oils",
        "brand": "borges",
        "details": "Premium extra virgin olive oil from Spanish olives."
    },
    {
        "_id": "22",
        "name": "Organic Brown Sugar",
        "image": "https://images.unsplash.com/photo-1581441363689-1f3c3c414635?w=500",
        "price": 3.99,
        "quantity": "500g",
        "rating": 4.6,
        "category": "baking-essentials",
        "subcategory": "sugar-&-sweeteners",
        "brand": "organic-india",
        "details": "Unrefined brown sugar with natural molasses."
    },
    {
        "_id": "23",
        "name": "Fresh Carrots",
        "image": "https://images.unsplash.com/photo-1598170845058-32b9d6a5da37?w=500",
        "price": 1.99,
        "quantity": "1 kg",
        "rating": 4.4,
        "category": "fresh-produce",
        "subcategory": "vegetables",
        "brand": "fresh-pick",
        "details": "Fresh, crunchy carrots rich in beta-carotene."
    },
    {
        "_id": "24",
        "name": "Almonds Raw",
        "image": "https://images.unsplash.com/photo-1508061253366-f7da158b6d46?w=500",
        "price": 14.99,
        "quantity": "500g",
        "rating": 4.8,
        "category": "snacks-&-confectionery",
        "subcategory": "nuts-&-dry-fruits",
        "brand": "nutraj",
        "details": "Premium quality raw almonds, rich in healthy fats."
    },
    {
        "_id": "25",
        "name": "Coconut Water",
        "image": "https://images.unsplash.com/photo-1581006852262-e4307cf6283a?w=500",
        "price": 2.99,
        "quantity": "1 Liter",
        "rating": 4.5,
        "category": "beverages",
        "subcategory": "health-drinks",
        "brand": "real",
        "details": "Natural coconut water, rich in electrolytes."
    },
    {
        "_id": "26",
        "name": "Multigrain Bread",
        "image": "https://images.unsplash.com/photo-1563729784474-d77dbb933a9e?w=500",
        "price": 3.49,
        "quantity": "400g",
        "rating": 4.6,
        "category": "bakery",
        "subcategory": "breads",
        "brand": "healthy-bake",
        "details": "Nutritious multigrain bread with seeds and nuts."
    },
    {
        "_id": "27",
        "name": "Red Chili Powder",
        "image": "https://images.unsplash.com/photo-1637157216410-32d2c3ab47f6?w=500",
        "price": 4.99,
        "quantity": "200g",
        "rating": 4.7,
        "category": "spices-&-seasonings",
        "subcategory": "ground-spices",
        "brand": "mdh",
        "details": "Pure red chili powder for authentic Indian cooking."
    },
    {
        "_id": "28",
        "name": "Organic Green Tea Matcha",
        "image": "https://images.unsplash.com/photo-1582793988951-9aed5509eb97?w=500",
        "price": 19.99,
        "quantity": "100g",
        "rating": 4.8,
        "category": "beverages",
        "subcategory": "tea",
        "brand": "organic-japan",
        "details": "Premium grade matcha green tea powder."
    },
    {
        "_id": "29",
        "name": "Soy Milk",
        "image": "https://images.unsplash.com/photo-1622543925917-763c34d1a86e?w=500",
        "price": 3.49,
        "quantity": "1 Liter",
        "rating": 4.4,
        "category": "dairy-alternatives",
        "subcategory": "plant-based-milk",
        "brand": "silk",
        "details": "Calcium-fortified soy milk, dairy-free alternative."
    },
    {
        "_id": "30",
        "name": "Organic Turmeric Powder",
        "image": "https://images.unsplash.com/photo-1615485500704-8e990f9900f7?w=500",
        "price": 5.99,
        "quantity": "200g",
        "rating": 4.9,
        "category": "spices-&-seasonings",
        "subcategory": "ground-spices",
        "brand": "organic-india",
        "details": "Pure organic turmeric powder with high curcumin content."
    },
    {
        "_id": "31",
        "name": "SuperChef Sunflower Oil",
        "image": "https://images.unsplash.com/photo-1620706857370-e1b9770e8bb1?w=500",
        "price": 20.00,
        "quantity": "5 Liter",
        "rating": 5.0,
        "category": "cooking-essentials",
        "subcategory": "cooking-oils",
        "brand": "superchef",
        "details": "High-quality sunflower oil for everyday cooking needs."
    },
    {
        "_id": "32",
        "name": "Mustard Oil",
        "image": "https://images.unsplash.com/photo-1612679158445-c5309e2a4ffa?w=500",
        "price": 12.99,
        "quantity": "1 Liter",
        "rating": 4.6,
        "category": "cooking-essentials",
        "subcategory": "cooking-oils",
        "brand": "fortune",
        "details": "Pure mustard oil, perfect for Indian cooking and seasoning."
    },
    {
        "_id": "33",
        "name": "Groundnut Oil",
        "image": "https://images.unsplash.com/photo-1474979266404-7eaacbcd87c5?w=500",
        "price": 16.99,
        "quantity": "2 Liter",
        "rating": 4.7,
        "category": "cooking-essentials",
        "subcategory": "cooking-oils",
        "brand": "dhara",
        "details": "Pure groundnut oil for deep frying and everyday cooking."
    },
    {
        "_id": "34",
        "name": "Rice Bran Oil",
        "image": "https://images.unsplash.com/photo-1620706857370-e1b9770e8bb1?w=500",
        "price": 18.99,
        "quantity": "2 Liter",
        "rating": 4.5,
        "category": "cooking-essentials",
        "subcategory": "cooking-oils",
        "brand": "saffola",
        "details": "Heart-healthy rice bran oil with balanced fatty acids."
    },
    {
        "_id": "35",
        "name": "Coconut Oil",
        "image": "https://images.unsplash.com/photo-1611070924886-f169c6f0655e?w=500",
        "price": 14.99,
        "quantity": "1 Liter",
        "rating": 4.8,
        "category": "cooking-essentials",
        "subcategory": "cooking-oils",
        "brand": "parachute",
        "details": "Pure coconut oil for cooking and hair care."
    },
    {
        "_id": "36",
        "name": "Brown Basmati Rice",
        "image": "https://images.unsplash.com/photo-1586201375761-83865001e31c?w=500",
        "price": 22.99,
        "quantity": "5 kg",
        "rating": 4.6,
        "category": "staples",
        "subcategory": "rice-&-grains",
        "brand": "india-gate",
        "details": "Premium brown basmati rice, rich in fiber and nutrients."
    },
    {
        "_id": "37",
        "name": "Sona Masoori Rice",
        "image": "https://images.unsplash.com/photo-1613758235256-43a7bdc21d82?w=500",
        "price": 19.99,
        "quantity": "5 kg",
        "rating": 4.5,
        "category": "staples",
        "subcategory": "rice-&-grains",
        "brand": "24-mantra",
        "details": "Premium quality sona masoori rice for everyday meals."
    },
    {
        "_id": "38",
        "name": "Red Quinoa",
        "image": "https://images.unsplash.com/photo-1614961233913-a5113a4a34ed?w=500",
        "price": 9.99,
        "quantity": "500g",
        "rating": 4.7,
        "category": "staples",
        "subcategory": "rice-&-grains",
        "brand": "true-elements",
        "details": "Organic red quinoa, rich in protein and antioxidants."
    },
    {
        "_id": "39",
        "name": "Pearl Millet",
        "image": "https://images.unsplash.com/photo-1574323347407-f5e1ad6d020b?w=500",
        "price": 4.99,
        "quantity": "1 kg",
        "rating": 4.4,
        "category": "staples",
        "subcategory": "rice-&-grains",
        "brand": "24-mantra",
        "details": "Organic pearl millet, rich in nutrients and fiber."
    },
    {
        "_id": "40",
        "name": "Black Masoor Dal",
        "image": "https://images.unsplash.com/photo-1585996560233-de55613ca764?w=500",
        "price": 5.99,
        "quantity": "1 kg",
        "rating": 4.6,
        "category": "staples",
        "subcategory": "pulses-&-beans",
        "brand": "tata-sampann",
        "details": "Premium quality black masoor dal, high in protein."
    },
    {
        "_id": "41",
        "name": "Toor Dal",
        "image": "https://images.unsplash.com/photo-1604848662042-dc6746610ba7?w=500",
        "price": 6.99,
        "quantity": "1 kg",
        "rating": 4.7,
        "category": "staples",
        "subcategory": "pulses-&-beans",
        "brand": "tata-sampann",
        "details": "Premium quality toor dal for everyday cooking."
    },
    {
        "_id": "42",
        "name": "Moong Dal",
        "image": "https://images.unsplash.com/photo-1590779033100-9f60a05a013d?w=500",
        "price": 5.49,
        "quantity": "1 kg",
        "rating": 4.5,
        "category": "staples",
        "subcategory": "pulses-&-beans",
        "brand": "24-mantra",
        "details": "Organic yellow moong dal, perfect for soups and curries."
    },
    {
        "_id": "43",
        "name": "Urad Dal",
        "image": "https://images.unsplash.com/photo-1593759608142-e9b18c0dbe86?w=500",
        "price": 7.99,
        "quantity": "1 kg",
        "rating": 4.6,
        "category": "staples",
        "subcategory": "pulses-&-beans",
        "brand": "organic-tattva",
        "details": "Black urad dal, essential for South Indian dishes."
    },
    {
        "_id": "44",
        "name": "Chana Dal",
        "image": "https://images.unsplash.com/photo-1515442261605-65987783cb6a?w=500",
        "price": 4.99,
        "quantity": "1 kg",
        "rating": 4.4,
        "category": "staples",
        "subcategory": "pulses-&-beans",
        "brand": "tata-sampann",
        "details": "Split bengal gram, perfect for traditional recipes."
    },
    {
        "_id": "45",
        "name": "Fresh Onions",
        "image": "https://images.unsplash.com/photo-1508747703725-719777637510?w=500",
        "price": 1.99,
        "quantity": "1 kg",
        "rating": 4.3,
        "category": "fresh-produce",
        "subcategory": "vegetables",
        "brand": "fresh-pick",
        "details": "Fresh red onions, essential for everyday cooking."
    },
    {
        "_id": "46",
        "name": "Fresh Potatoes",
        "image": "https://images.unsplash.com/photo-1518977676601-b53f82aba655?w=500",
        "price": 2.49,
        "quantity": "2 kg",
        "rating": 4.4,
        "category": "fresh-produce",
        "subcategory": "vegetables",
        "brand": "fresh-pick",
        "details": "Fresh potatoes, perfect for various dishes."
    },
    {
        "_id": "47",
        "name": "Green Cucumber",
        "image": "https://images.unsplash.com/photo-1604977042946-1eecc30f269e?w=500",
        "price": 1.49,
        "quantity": "500g",
        "rating": 4.2,
        "category": "fresh-produce",
        "subcategory": "vegetables",
        "brand": "fresh-pick",
        "details": "Fresh cucumbers, perfect for salads."
    },
    {
        "_id": "48",
        "name": "Green Capsicum",
        "image": "https://images.unsplash.com/photo-1509377244-b2b2380cf284?w=500",
        "price": 1.99,
        "quantity": "250g",
        "rating": 4.3,
        "category": "fresh-produce",
        "subcategory": "vegetables",
        "brand": "fresh-pick",
        "details": "Fresh green bell peppers for cooking and salads."
    },
    {
        "_id": "49",
        "name": "Fresh Cauliflower",
        "image": "https://images.unsplash.com/photo-1568584711075-3d021a7c3ca3?w=500",
        "price": 2.99,
        "quantity": "1 piece",
        "rating": 4.4,
        "category": "fresh-produce",
        "subcategory": "vegetables",
        "brand": "fresh-pick",
        "details": "Fresh cauliflower, perfect for various dishes."
    },
    {
        "_id": "50",
        "name": "Fresh Broccoli",
        "image": "https://images.unsplash.com/photo-1459411621453-7b03977f4bfc?w=500",
        "price": 3.49,
        "quantity": "500g",
        "rating": 4.5,
        "category": "fresh-produce",
        "subcategory": "vegetables",
        "brand": "fresh-pick",
        "details": "Fresh broccoli florets, rich in nutrients."
    },
    {
        "_id": "51",
        "name": "Full Cream Milk",
        "image": "https://images.unsplash.com/photo-1550583724-b2692b85b150?w=500",
        "price": 2.99,
        "quantity": "1 Liter",
        "rating": 4.6,
        "category": "dairy-&-eggs",
        "subcategory": "milk",
        "brand": "amul",
        "details": "Fresh full cream milk, rich in calcium and protein."
    },
    {
        "_id": "52",
        "name": "Toned Milk",
        "image": "https://images.unsplash.com/photo-1576186726115-4d51596775d1?w=500",
        "price": 2.49,
        "quantity": "1 Liter",
        "rating": 4.5,
        "category": "dairy-&-eggs",
        "subcategory": "milk",
        "brand": "mother-dairy",
        "details": "Toned milk with reduced fat content."
    },
    {
        "_id": "53",
        "name": "Butter",
        "image": "https://images.unsplash.com/photo-1589985270826-4b7bb135bc9d?w=500",
        "price": 3.99,
        "quantity": "500g",
        "rating": 4.7,
        "category": "dairy-&-eggs",
        "subcategory": "butter-&-cheese",
        "brand": "amul",
        "details": "Pure butter, perfect for cooking and spreading."
    },
    {
        "_id": "54",
        "name": "Mozzarella Cheese",
        "image": "https://images.unsplash.com/photo-1624806992066-5ffcf7ca186b?w=500",
        "price": 7.99,
        "quantity": "200g",
        "rating": 4.8,
        "category": "dairy-&-eggs",
        "subcategory": "butter-&-cheese",
        "brand": "amul",
        "details": "Shredded mozzarella cheese for pizzas and pasta."
    },
    {
        "_id": "55",
        "name": "Strawberry Yogurt",
        "image": "https://images.unsplash.com/photo-1488477181946-6428a0291777?w=500",
        "price": 1.99,
        "quantity": "200g",
        "rating": 4.4,
        "category": "dairy-&-eggs",
        "subcategory": "yogurt",
        "brand": "nestle",
        "details": "Creamy strawberry flavored yogurt."
    },
    {
        "_id": "56",
        "name": "Blueberry Yogurt",
        "image": "https://images.unsplash.com/photo-1488477181946-6428a0291777?w=500",
        "price": 1.99,
        "quantity": "200g",
        "rating": 4.4,
        "category": "dairy-&-eggs",
        "subcategory": "yogurt",
        "brand": "nestle",
        "details": "Creamy blueberry flavored yogurt."
    },
    {
        "_id": "57",
        "name": "Orange Juice",
        "image": "https://images.unsplash.com/photo-1600271886742-f049cd451bba?w=500",
        "price": 3.99,
        "quantity": "1 Liter",
        "rating": 4.5,
        "category": "beverages",
        "subcategory": "juices",
        "brand": "tropicana",
        "details": "100% pure orange juice, no added sugar."
    },
    {
        "_id": "58",
        "name": "Apple Juice",
        "image": "https://images.unsplash.com/photo-1576675466969-38eeae4b41f6?w=500",
        "price": 3.99,
        "quantity": "1 Liter",
        "rating": 4.5,
        "category": "beverages",
        "subcategory": "juices",
        "brand": "real",
        "details": "Pure apple juice, no added preservatives."
    },
    {
        "_id": "59",
        "name": "Mixed Fruit Juice",
        "image": "https://images.unsplash.com/photo-1600718374662-0483d2b9da44?w=500",
        "price": 4.49,
        "quantity": "1 Liter",
        "rating": 4.6,
        "category": "beverages",
        "subcategory": "juices",
        "brand": "real",
        "details": "Mixed fruit juice blend, rich in vitamins."
    },
    {
        "_id": "60",
        "name": "Cashew Nuts",
        "image": "https://images.unsplash.com/photo-1573851552153-816785fecf4a?w=500",
        "price": 16.99,
        "quantity": "500g",
        "rating": 4.8,
        "category": "snacks-&-confectionery",
        "subcategory": "nuts-&-dry-fruits",
        "brand": "nutraj",
        "details": "Premium whole cashew nuts, roasted and salted."
    },
    {
        "_id": "61",
        "name": "Garam Masala",
        "image": "https://images.unsplash.com/photo-1596040033229-a9821ebd058d?w=500",
        "price": 4.99,
        "quantity": "100g",
        "rating": 4.7,
        "category": "spices-&-seasonings",
        "subcategory": "ground-spices",
        "brand": "mdh",
        "details": "Authentic blend of ground spices for Indian cooking."
    },
    {
        "_id": "62",
        "name": "Coriander Powder",
        "image": "https://images.unsplash.com/photo-1615485290382-441e4d049cb5?w=500",
        "price": 3.99,
        "quantity": "200g",
        "rating": 4.6,
        "category": "spices-&-seasonings",
        "subcategory": "ground-spices",
        "brand": "everest",
        "details": "Freshly ground coriander powder for cooking."
    },
    {
        "_id": "63",
        "name": "Cumin Seeds",
        "image": "https://images.unsplash.com/photo-1615484477778-ca3b77940c25?w=500",
        "price": 4.49,
        "quantity": "200g",
        "rating": 4.8,
        "category": "spices-&-seasonings",
        "subcategory": "whole-spices",
        "brand": "tata-sampann",
        "details": "Premium quality whole cumin seeds."
    },
    {
        "_id": "64",
        "name": "Cardamom",
        "image": "https://images.unsplash.com/photo-1615484477201-9f4953340fab?w=500",
        "price": 8.99,
        "quantity": "50g",
        "rating": 4.9,
        "category": "spices-&-seasonings",
        "subcategory": "whole-spices",
        "brand": "everest",
        "details": "Green cardamom pods for aromatic flavoring."
    },
    {
        "_id": "65",
        "name": "Cinnamon Sticks",
        "image": "https://images.unsplash.com/photo-1612929633738-8fe44f7ec841?w=500",
        "price": 5.99,
        "quantity": "100g",
        "rating": 4.7,
        "category": "spices-&-seasonings",
        "subcategory": "whole-spices",
        "brand": "organic-india",
        "details": "Natural cinnamon sticks for flavoring."
    },
    {
        "_id": "66",
        "name": "Croissants",
        "image": "https://images.unsplash.com/photo-1555507036-ab1f4038808a?w=500",
        "price": 4.99,
        "quantity": "4 pieces",
        "rating": 4.6,
        "category": "bakery",
        "subcategory": "breads",
        "brand": "le-marche",
        "details": "Freshly baked butter croissants."
    },
    {
        "_id": "67",
        "name": "Burger Buns",
        "image": "https://images.unsplash.com/photo-1586444248902-2f64eddc13df?w=500",
        "price": 2.99,
        "quantity": "6 pieces",
        "rating": 4.4,
        "category": "bakery",
        "subcategory": "breads",
        "brand": "britannia",
        "details": "Soft burger buns with sesame topping."
    },
    {
        "_id": "68",
        "name": "Chocolate Chip Cookies",
        "image": "https://images.unsplash.com/photo-1499636136210-6f4ee915583e?w=500",
        "price": 3.99,
        "quantity": "200g",
        "rating": 4.7,
        "category": "bakery",
        "subcategory": "cookies",
        "brand": "sunfeast",
        "details": "Crunchy cookies with real chocolate chips."
    },
    {
        "_id": "69",
        "name": "Butter Cookies",
        "image": "https://images.unsplash.com/photo-1558961363-fa8fdf82db35?w=500",
        "price": 2.99,
        "quantity": "200g",
        "rating": 4.5,
        "category": "bakery",
        "subcategory": "cookies",
        "brand": "britannia",
        "details": "Classic butter cookies, perfect with tea."
    },
    {
        "_id": "70",
        "name": "Peanut Butter",
        "image": "https://images.unsplash.com/photo-1502195969678-8e37c90f8d90?w=500",
        "price": 5.99,
        "quantity": "500g",
        "rating": 4.8,
        "category": "breakfast-&-spreads",
        "subcategory": "nut-butters",
        "brand": "sundrop",
        "details": "Creamy peanut butter, high in protein."
    },
    {
        "_id": "71",
        "name": "Oat Milk",
        "image": "https://images.unsplash.com/photo-1586999768265-24af89630739?w=500",
        "price": 4.49,
        "quantity": "1 Liter",
        "rating": 4.6,
        "category": "dairy-alternatives",
        "subcategory": "plant-based-milk",
        "brand": "oatly",
        "details": "Creamy oat milk, perfect for coffee and cereals."
    },
    {
        "_id": "72",
        "name": "Coconut Milk",
        "image": "https://images.unsplash.com/photo-1628088062854-d1870b4553da?w=500",
        "price": 3.99,
        "quantity": "1 Liter",
        "rating": 4.5,
        "category": "dairy-alternatives",
        "subcategory": "plant-based-milk",
        "brand": "real-thai",
        "details": "Pure coconut milk for cooking and beverages."
    },
    {
        "_id": "73",
        "name": "Vegan Cheese",
        "image": "https://images.unsplash.com/photo-1628689469838-524a4a973b8e?w=500",
        "price": 6.99,
        "quantity": "200g",
        "rating": 4.3,
        "category": "dairy-alternatives",
        "subcategory": "vegan-cheese",
        "brand": "violife",
        "details": "Plant-based cheese alternative, melts well."
    },
    {
        "_id": "74",
        "name": "Chocolate Spread",
        "image": "https://images.unsplash.com/photo-1612187209743-3284a317d961?w=500",
        "price": 4.99,
        "quantity": "350g",
        "rating": 4.8,
        "category": "breakfast-&-spreads",
        "subcategory": "chocolate-spreads",
        "brand": "nutella",
        "details": "Hazelnut chocolate spread, perfect for breakfast."
    },
    {
        "_id": "75",
        "name": "Strawberry Jam",
        "image": "https://images.unsplash.com/photo-1622484211817-4f7c4f57b825?w=500",
        "price": 3.99,
        "quantity": "500g",
        "rating": 4.6,
        "category": "breakfast-&-spreads",
        "subcategory": "jams-&-spreads",
        "brand": "kissan",
        "details": "Sweet strawberry jam made with real fruits."
    },
    {
        "_id": "76",
        "name": "Maple Syrup",
        "image": "https://images.unsplash.com/photo-1589496933738-f5c27bc146e3?w=500",
        "price": 8.99,
        "quantity": "250ml",
        "rating": 4.7,
        "category": "breakfast-&-spreads",
        "subcategory": "honey-&-syrups",
        "brand": "pure-maple",
        "details": "100% pure maple syrup from Canada."
    },
    {
        "_id": "77",
        "name": "Almond Butter",
        "image": "https://images.unsplash.com/photo-1590869755466-45f6d03ed5f4?w=500",
        "price": 9.99,
        "quantity": "250g",
        "rating": 4.8,
        "category": "breakfast-&-spreads",
        "subcategory": "nut-butters",
        "brand": "justin's",
        "details": "All-natural almond butter, no added sugar."
    },
    {
        "_id": "78",
        "name": "Cashew Butter",
        "image": "https://images.unsplash.com/photo-1612187209173-c0477704f7bb?w=500",
        "price": 11.99,
        "quantity": "250g",
        "rating": 4.7,
        "category": "breakfast-&-spreads",
        "subcategory": "nut-butters",
        "brand": "nutraj",
        "details": "Creamy cashew butter, perfect for spreading."
    },
    {
        "_id": "79",
        "name": "Vegan Yogurt",
        "image": "https://images.unsplash.com/photo-1488477181946-6428a0291777?w=500",
        "price": 2.99,
        "quantity": "400g",
        "rating": 4.4,
        "category": "dairy-alternatives",
        "subcategory": "vegan-yogurt",
        "brand": "so-delicious",
        "details": "Coconut-based yogurt alternative, dairy-free."
    },
    {
        "_id": "80",
        "name": "Almond Yogurt",
        "image": "https://images.unsplash.com/photo-1488477181946-6428a0291777?w=500",
        "price": 3.49,
        "quantity": "400g",
        "rating": 4.5,
        "category": "dairy-alternatives",
        "subcategory": "vegan-yogurt",
        "brand": "kite-hill",
        "details": "Almond-based yogurt alternative, rich in protein."
    }
]